{
  "dev": {
    "awscloudformation": {
      "AuthRoleName": "amplify-flightbook-dev-105037-authRole",
      "UnauthRoleArn": "arn:aws:iam::660850509363:role/amplify-flightbook-dev-105037-unauthRole",
      "AuthRoleArn": "arn:aws:iam::660850509363:role/amplify-flightbook-dev-105037-authRole",
      "Region": "ap-south-1",
      "DeploymentBucketName": "amplify-flightbook-dev-105037-deployment",
      "UnauthRoleName": "amplify-flightbook-dev-105037-unauthRole",
      "StackName": "amplify-flightbook-dev-105037",
      "StackId": "arn:aws:cloudformation:ap-south-1:660850509363:stack/amplify-flightbook-dev-105037/735415d0-c93a-11ed-89e4-06df75d983b4",
      "AmplifyAppId": "d2tagrgs49kmjr"
    },
    "categories": {
      "api": {
        "flightbook": {}
      },
      "auth": {
        "flightbook4901ca84": {}
      }
    }
  }
}