{
  "providers": {
    "awscloudformation": {
      "AuthRoleName": "amplify-flightbook-dev-105037-authRole",
      "UnauthRoleArn": "arn:aws:iam::660850509363:role/amplify-flightbook-dev-105037-unauthRole",
      "AuthRoleArn": "arn:aws:iam::660850509363:role/amplify-flightbook-dev-105037-authRole",
      "Region": "ap-south-1",
      "DeploymentBucketName": "amplify-flightbook-dev-105037-deployment",
      "UnauthRoleName": "amplify-flightbook-dev-105037-unauthRole",
      "StackName": "amplify-flightbook-dev-105037",
      "StackId": "arn:aws:cloudformation:ap-south-1:660850509363:stack/amplify-flightbook-dev-105037/735415d0-c93a-11ed-89e4-06df75d983b4",
      "AmplifyAppId": "d2tagrgs49kmjr"
    }
  },
  "api": {
    "flightbook": {
      "service": "AppSync",
      "providerPlugin": "awscloudformation",
      "dependsOn": [],
      "output": {
        "authConfig": {
          "defaultAuthentication": {
            "authenticationType": "API_KEY",
            "apiKeyConfig": {
              "apiKeyExpirationDays": 7
            }
          },
          "additionalAuthenticationProviders": []
        },
        "GraphQLAPIIdOutput": "ohnq6csnundm5ahftjbbaw47ku",
        "GraphQLAPIEndpointOutput": "https://3bjm3qq7qnhfxhs5i6va4s4xde.appsync-api.ap-south-1.amazonaws.com/graphql",
        "GraphQLAPIKeyOutput": "da2-dqcrrbucnvadblgujpsxjahvyu"
      },
      "providerMetadata": {
        "s3TemplateURL": "https://s3.amazonaws.com/amplify-flightbook-dev-105037-deployment/amplify-cfn-templates/api/cloudformation-template.json",
        "logicalId": "apiflightbook"
      },
      "lastPushTimeStamp": "2023-03-23T18:46:03.926Z",
      "lastPushDirHash": "UfINoOfZPBRv1N2GGdf9k5WBKvA="
    }
  },
  "auth": {
    "flightbook4901ca84": {
      "service": "Cognito",
      "providerPlugin": "awscloudformation",
      "dependsOn": [],
      "customAuth": false,
      "frontendAuthConfig": {
        "socialProviders": [],
        "usernameAttributes": [
          "EMAIL"
        ],
        "signupAttributes": [
          "EMAIL"
        ],
        "passwordProtectionSettings": {
          "passwordPolicyMinLength": 8,
          "passwordPolicyCharacters": []
        },
        "mfaConfiguration": "OFF",
        "mfaTypes": [
          "SMS"
        ],
        "verificationMechanisms": [
          "EMAIL"
        ]
      },
      "providerMetadata": {
        "s3TemplateURL": "https://s3.amazonaws.com/amplify-flightbook-dev-105037-deployment/amplify-cfn-templates/auth/flightbook4901ca84-cloudformation-template.json",
        "logicalId": "authflightbook4901ca84"
      },
      "lastPushTimeStamp": "2023-03-23T18:46:03.944Z",
      "output": {
        "UserPoolId": "ap-south-1_OYCoF3uEP",
        "AppClientIDWeb": "5n33v9vrjf3ns3qbpd08rj53ea",
        "AppClientID": "152lcmrcq5c6n2hcn8ilaoktb1",
        "IdentityPoolId": "ap-south-1:98952784-1535-4701-ac99-846adcabce68",
        "UserPoolArn": "arn:aws:cognito-idp:ap-south-1:660850509363:userpool/ap-south-1_OYCoF3uEP",
        "IdentityPoolName": "flightbook4901ca84_identitypool_4901ca84__dev",
        "UserPoolName": "flightbook4901ca84_userpool_4901ca84"
      },
      "lastPushDirHash": "KJNqXtwpptAcIAKBfyPRW7gG4HE="
    }
  }
}